<?xml version="1.0" encoding="UTF-8"?>
<project-private xmlns="http://www.netbeans.org/ns/project-private/1">
    <editor-bookmarks xmlns="http://www.netbeans.org/ns/editor-bookmarks/2" lastBookmarkId="0"/>
    <open-files xmlns="http://www.netbeans.org/ns/projectui-open-files/2">
        <group>
            <file>file:/C:/Users/helen/Documents/LA%20MANU/Exercices/6_PHP/www/Partie%205%20-%20Les%20tableaux/Exercice%201.php</file>
            <file>file:/C:/Users/helen/Documents/LA%20MANU/Exercices/6_PHP/www/Partie%205%20-%20Les%20tableaux/index.php</file>
        </group>
    </open-files>
</project-private>
